phylum,class,order,family,genus,species,country,adm1,lon,lat
Mollusca,Gastropoda,Systellommatophora,Veronicellidae,Belocaulus,Belocaulus angustipes,United States,Mississippi,-88.493058000000005,31.620880000000000
Mollusca,Gastropoda,Systellommatophora,Veronicellidae,Belocaulus,Belocaulus angustipes,United States,Mississippi,-89.375783999999996,31.287583000000001
Mollusca,Gastropoda,Systellommatophora,Veronicellidae,Belocaulus,Belocaulus angustipes,United States,Mississippi,-89.375786000000005,31.287417999999999
Mollusca,Gastropoda,Systellommatophora,Veronicellidae,Belocaulus,Belocaulus angustipes,United States,Mississippi,-89.375579999999999,31.287597000000002
Mollusca,Gastropoda,Systellommatophora,Veronicellidae,Belocaulus,Belocaulus angustipes,United States,Mississippi,-89.848366999999996,31.531790000000001
Mollusca,Gastropoda,Systellommatophora,Veronicellidae,Belocaulus,Belocaulus angustipes,United States,Mississippi,-89.375686999999999,31.288451999999999
Mollusca,Gastropoda,Systellommatophora,Veronicellidae,Belocaulus,Belocaulus angustipes,United States,Mississippi,-89.375630000000001,31.288345000000000
Mollusca,Gastropoda,Systellommatophora,Veronicellidae,Belocaulus,Belocaulus angustipes,United States,Louisiana,-90.974688000000000,30.339630000000000
Mollusca,Gastropoda,Systellommatophora,Veronicellidae,Belocaulus,Belocaulus angustipes,United States,Louisiana,-91.123580000000004,30.325713000000000
Mollusca,Gastropoda,Systellommatophora,Veronicellidae,Belocaulus,Belocaulus angustipes,United States,Louisiana,-91.133572000000001,30.386337000000001
Mollusca,Gastropoda,Systellommatophora,Veronicellidae,Belocaulus,Belocaulus angustipes,United States,Mississippi,-89.375623000000004,31.287542999999999
Mollusca,Gastropoda,Systellommatophora,Veronicellidae,Belocaulus,Belocaulus angustipes,United States,Mississippi,-88.713493999999997,30.377011000000000
Mollusca,Gastropoda,Systellommatophora,Veronicellidae,Belocaulus,Belocaulus angustipes,United States,Mississippi,-88.519683999999998,30.663767000000000
Mollusca,Gastropoda,Systellommatophora,Veronicellidae,Belocaulus,Belocaulus angustipes,United States,Mississippi,-89.375736000000003,31.287527999999998
Mollusca,Gastropoda,Systellommatophora,Veronicellidae,Belocaulus,Belocaulus angustipes,United States,Alabama,-88.147201999999993,30.849257999999999
Mollusca,Gastropoda,Systellommatophora,Veronicellidae,Belocaulus,Belocaulus angustipes,United States,Louisiana,-91.084263000000007,30.444016999999999
Mollusca,Gastropoda,Systellommatophora,Veronicellidae,Belocaulus,Belocaulus angustipes,United States,Mississippi,-89.375761999999995,31.287500999999999
Mollusca,Gastropoda,Systellommatophora,Veronicellidae,Belocaulus,Belocaulus angustipes,United States,Mississippi,-88.714485999999994,30.353149999999999
Mollusca,Gastropoda,Systellommatophora,Veronicellidae,Belocaulus,Belocaulus angustipes,United States,Louisiana,-89.917671999999996,30.283007000000001
Mollusca,Gastropoda,Systellommatophora,Veronicellidae,Belocaulus,Belocaulus angustipes,United States,Louisiana,-90.900903999999997,30.413936000000000
Mollusca,Gastropoda,Systellommatophora,Veronicellidae,Belocaulus,Belocaulus angustipes,United States,Louisiana,-91.016785999999996,30.396580000000000
Mollusca,Gastropoda,Systellommatophora,Veronicellidae,Belocaulus,Belocaulus angustipes,United States,Louisiana,-91.107271999999995,30.265398999999999
Mollusca,Gastropoda,Systellommatophora,Veronicellidae,Belocaulus,Belocaulus angustipes,United States,Louisiana,-90.021879999999996,31.000952999999999
Mollusca,Gastropoda,Systellommatophora,Veronicellidae,Belocaulus,Belocaulus angustipes,United States,Louisiana,-91.130734000000004,30.482225000000000
Mollusca,Gastropoda,Systellommatophora,Veronicellidae,Belocaulus,Belocaulus angustipes,United States,Louisiana,-91.082549999999998,30.463799999999999
Mollusca,Gastropoda,Systellommatophora,Veronicellidae,Belocaulus,Belocaulus angustipes,United States,Louisiana,-91.196582000000006,30.412299000000001
Mollusca,Gastropoda,Systellommatophora,Veronicellidae,Belocaulus,Belocaulus angustipes,United States,Mississippi,-88.713806000000005,30.353169000000001
Mollusca,Gastropoda,Systellommatophora,Veronicellidae,Belocaulus,Belocaulus angustipes,United States,Louisiana,-91.001417000000004,30.420023000000000
Mollusca,Gastropoda,Systellommatophora,Veronicellidae,Belocaulus,Belocaulus angustipes,United States,Alabama,-88.278953000000001,30.780332999999999
Mollusca,Gastropoda,Systellommatophora,Veronicellidae,Belocaulus,Belocaulus angustipes,United States,Mississippi,-89.332550999999995,30.308520000000001
Mollusca,Gastropoda,Systellommatophora,Veronicellidae,Belocaulus,Belocaulus angustipes,United States,South Carolina,-81.052400000000006,33.951855000000002
Mollusca,Gastropoda,Systellommatophora,Veronicellidae,Belocaulus,Belocaulus angustipes,United States,South Carolina,-80.599603999999999,33.914912000000001
Mollusca,Gastropoda,Systellommatophora,Veronicellidae,Belocaulus,Belocaulus angustipes,United States,South Carolina,-80.423378000000000,33.941372000000001
Mollusca,Gastropoda,Systellommatophora,Veronicellidae,Belocaulus,Belocaulus angustipes,United States,Virginia,-75.980653000000004,36.869861999999998
Mollusca,Gastropoda,Systellommatophora,Veronicellidae,Belocaulus,Belocaulus angustipes,United States,Louisiana,-90.080185999999998,29.966398000000002
Mollusca,Gastropoda,Systellommatophora,Veronicellidae,Belocaulus,Belocaulus angustipes,United States,Louisiana,-90.079896000000005,29.966259999999998
Mollusca,Gastropoda,Systellommatophora,Veronicellidae,Belocaulus,Belocaulus angustipes,United States,Louisiana,-93.252904999999998,30.955320000000000
Mollusca,Gastropoda,Systellommatophora,Veronicellidae,Belocaulus,Belocaulus angustipes,United States,Louisiana,-91.016260000000003,29.934318999999999
Mollusca,Gastropoda,Systellommatophora,Veronicellidae,Belocaulus,Belocaulus angustipes,United States,Louisiana,-90.157961000000000,30.019403000000001
Mollusca,Gastropoda,Systellommatophora,Veronicellidae,Belocaulus,Belocaulus angustipes,United States,Florida,-87.502735000000001,30.388497000000001
Mollusca,Gastropoda,Systellommatophora,Veronicellidae,Belocaulus,Belocaulus angustipes,United States,Florida,-80.658141000000001,28.190197000000001
Mollusca,Gastropoda,Systellommatophora,Veronicellidae,Belocaulus,Belocaulus angustipes,United States,Florida,-81.373176999999998,28.390501000000000
Mollusca,Gastropoda,Systellommatophora,Veronicellidae,Belocaulus,Belocaulus angustipes,United States,Florida,-82.276444999999995,29.080683000000001
Mollusca,Gastropoda,Systellommatophora,Veronicellidae,Belocaulus,Belocaulus angustipes,United States,Florida,-87.129990000000006,30.610724999999999
Mollusca,Gastropoda,Systellommatophora,Veronicellidae,Belocaulus,Belocaulus angustipes,United States,Florida,-81.228187000000005,29.586404999999999
Mollusca,Gastropoda,Systellommatophora,Veronicellidae,Belocaulus,Belocaulus angustipes,United States,Florida,-84.304664000000002,30.449149999999999
Mollusca,Gastropoda,Systellommatophora,Veronicellidae,Belocaulus,Belocaulus angustipes,United States,Florida,-81.704903000000002,30.489584000000001
Mollusca,Gastropoda,Systellommatophora,Veronicellidae,Belocaulus,Belocaulus angustipes,United States,Georgia,-81.640804000000003,30.742066999999999
Mollusca,Gastropoda,Systellommatophora,Veronicellidae,Belocaulus,Belocaulus angustipes,United States,Florida,-85.195469000000003,30.587879999999998
Mollusca,Gastropoda,Systellommatophora,Veronicellidae,Belocaulus,Belocaulus angustipes,United States,Florida,-87.404371999999995,30.364977000000000
Mollusca,Gastropoda,Systellommatophora,Veronicellidae,Belocaulus,Belocaulus angustipes,United States,Florida,-82.423682999999997,27.470922000000002
Mollusca,Gastropoda,Systellommatophora,Veronicellidae,Belocaulus,Belocaulus angustipes,United States,Florida,-81.174516999999994,28.591335999999998
Mollusca,Gastropoda,Systellommatophora,Veronicellidae,Belocaulus,Belocaulus angustipes,United States,Florida,-84.308152000000007,30.445938999999999
Mollusca,Gastropoda,Systellommatophora,Veronicellidae,Belocaulus,Belocaulus angustipes,United States,Florida,-82.329155000000000,27.761257000000001
Mollusca,Gastropoda,Systellommatophora,Veronicellidae,Belocaulus,Belocaulus angustipes,United States,Florida,-84.304362999999995,30.445567000000000
Mollusca,Gastropoda,Systellommatophora,Veronicellidae,Belocaulus,Belocaulus angustipes,United States,Florida,-81.446770000000001,30.318413000000000
Mollusca,Gastropoda,Systellommatophora,Veronicellidae,Belocaulus,Belocaulus angustipes,United States,Florida,-87.307866000000004,30.417983000000000
Mollusca,Gastropoda,Systellommatophora,Veronicellidae,Belocaulus,Belocaulus angustipes,United States,Florida,-80.691350000000000,28.041422000000001
Mollusca,Gastropoda,Systellommatophora,Veronicellidae,Belocaulus,Belocaulus angustipes,United States,Florida,-82.628906999999998,28.032657000000000
Mollusca,Gastropoda,Systellommatophora,Veronicellidae,Belocaulus,Belocaulus angustipes,United States,Florida,-81.551832000000005,28.213754000000002
Mollusca,Gastropoda,Systellommatophora,Veronicellidae,Belocaulus,Belocaulus angustipes,United States,Florida,-81.100420000000000,28.510038000000002
Mollusca,Gastropoda,Systellommatophora,Veronicellidae,Belocaulus,Belocaulus angustipes,United States,Florida,-81.581312999999994,28.531555000000001
Mollusca,Gastropoda,Systellommatophora,Veronicellidae,Belocaulus,Belocaulus angustipes,United States,Florida,-85.634935999999996,30.153755000000000
Mollusca,Gastropoda,Systellommatophora,Veronicellidae,Belocaulus,Belocaulus angustipes,United States,Florida,-81.194396999999995,28.534230000000001
Mollusca,Gastropoda,Systellommatophora,Veronicellidae,Belocaulus,Belocaulus angustipes,United States,Florida,-82.228286999999995,27.761633000000000
Mollusca,Gastropoda,Systellommatophora,Veronicellidae,Belocaulus,Belocaulus angustipes,United States,Florida,-85.586941999999993,30.157798000000000
Mollusca,Gastropoda,Systellommatophora,Veronicellidae,Belocaulus,Belocaulus angustipes,United States,Florida,-81.381037000000006,30.173430000000000
Mollusca,Gastropoda,Systellommatophora,Veronicellidae,Belocaulus,Belocaulus angustipes,United States,Florida,-81.596512000000004,28.495819999999998
Mollusca,Gastropoda,Systellommatophora,Veronicellidae,Belocaulus,Belocaulus angustipes,United States,Florida,-82.436584999999994,29.580497000000001
Mollusca,Gastropoda,Systellommatophora,Veronicellidae,Belocaulus,Belocaulus angustipes,United States,Florida,-87.202899000000002,30.415436000000000
Mollusca,Gastropoda,Systellommatophora,Veronicellidae,Belocaulus,Belocaulus angustipes,United States,Florida,-82.314712999999998,29.616658000000001
Mollusca,Gastropoda,Systellommatophora,Veronicellidae,Belocaulus,Belocaulus angustipes,United States,Florida,-81.866501000000000,27.983688999999998
Mollusca,Gastropoda,Systellommatophora,Veronicellidae,Belocaulus,Belocaulus angustipes,United States,Florida,-82.324826000000002,29.651926000000000
Mollusca,Gastropoda,Systellommatophora,Veronicellidae,Belocaulus,Belocaulus angustipes,United States,Florida,-86.543227999999999,30.798794999999998
Mollusca,Gastropoda,Systellommatophora,Veronicellidae,Belocaulus,Belocaulus angustipes,United States,Florida,-82.326203000000007,28.340527999999999
Mollusca,Gastropoda,Systellommatophora,Veronicellidae,Belocaulus,Belocaulus angustipes,United States,Texas,-97.733320000000006,30.171652999999999
Mollusca,Gastropoda,Systellommatophora,Veronicellidae,Belocaulus,Belocaulus angustipes,United States,Texas,-99.448087999999998,27.565372000000000
Mollusca,Gastropoda,Systellommatophora,Veronicellidae,Belocaulus,Belocaulus angustipes,United States,Texas,-97.704042999999999,30.277812000000001
Mollusca,Gastropoda,Systellommatophora,Veronicellidae,Belocaulus,Belocaulus angustipes,United States,Texas,-95.660899000000001,29.911473999999998
Mollusca,Gastropoda,Systellommatophora,Veronicellidae,Belocaulus,Belocaulus angustipes,United States,Texas,-95.530233999999993,29.477309000000002
Mollusca,Gastropoda,Systellommatophora,Veronicellidae,Belocaulus,Belocaulus angustipes,United States,Texas,-97.626597000000004,30.503947000000000
Mollusca,Gastropoda,Systellommatophora,Veronicellidae,Belocaulus,Belocaulus angustipes,United States,Texas,-95.730147000000002,29.739478999999999
Mollusca,Gastropoda,Systellommatophora,Veronicellidae,Belocaulus,Belocaulus angustipes,United States,Texas,-97.652743999999998,30.692174999999999
Mollusca,Gastropoda,Systellommatophora,Veronicellidae,Belocaulus,Belocaulus angustipes,United States,Texas,-98.344854999999995,26.244319999999998
Mollusca,Gastropoda,Systellommatophora,Veronicellidae,Belocaulus,Belocaulus angustipes,United States,Texas,-94.655837000000005,29.446121000000002
Mollusca,Gastropoda,Systellommatophora,Veronicellidae,Belocaulus,Belocaulus angustipes,United States,Texas,-97.587822000000003,29.594238000000001
Mollusca,Gastropoda,Systellommatophora,Veronicellidae,Belocaulus,Belocaulus angustipes,United States,Texas,-95.718671000000001,29.560179000000002
Mollusca,Gastropoda,Systellommatophora,Veronicellidae,Belocaulus,Belocaulus angustipes,United States,Texas,-97.856966999999997,30.095776999999998
Mollusca,Gastropoda,Systellommatophora,Veronicellidae,Belocaulus,Belocaulus angustipes,United States,Texas,-95.114113000000003,29.482106999999999
Mollusca,Gastropoda,Systellommatophora,Veronicellidae,Belocaulus,Belocaulus angustipes,United States,Texas,-98.190533000000002,29.865950000000002
Mollusca,Gastropoda,Systellommatophora,Veronicellidae,Belocaulus,Belocaulus angustipes,United States,Texas,-97.393485999999996,27.648817999999999
Mollusca,Gastropoda,Systellommatophora,Veronicellidae,Belocaulus,Belocaulus angustipes,United States,Texas,-98.446879999999993,29.689726000000000
Mollusca,Gastropoda,Systellommatophora,Veronicellidae,Belocaulus,Belocaulus angustipes,United States,Texas,-96.991848000000005,28.850425999999999
Mollusca,Gastropoda,Systellommatophora,Veronicellidae,Belocaulus,Belocaulus angustipes,United States,Texas,-95.591761000000005,30.183009999999999
Mollusca,Gastropoda,Systellommatophora,Veronicellidae,Belocaulus,Belocaulus angustipes,United States,Texas,-95.521350999999996,29.919433000000001
Mollusca,Gastropoda,Systellommatophora,Veronicellidae,Belocaulus,Belocaulus angustipes,United States,Texas,-95.465997999999999,30.053705000000001
Mollusca,Gastropoda,Systellommatophora,Veronicellidae,Belocaulus,Belocaulus angustipes,United States,Texas,-97.540779000000001,30.532700999999999
Mollusca,Gastropoda,Systellommatophora,Veronicellidae,Belocaulus,Belocaulus angustipes,United States,Texas,-95.264854999999997,29.682874999999999
Mollusca,Gastropoda,Systellommatophora,Veronicellidae,Belocaulus,Belocaulus angustipes,United States,Texas,-98.692877999999993,29.439533000000001
Mollusca,Gastropoda,Systellommatophora,Veronicellidae,Belocaulus,Belocaulus angustipes,United States,Texas,-97.333394999999996,27.647514000000001
Mollusca,Gastropoda,Systellommatophora,Veronicellidae,Belocaulus,Belocaulus angustipes,United States,Texas,-97.333590000000001,27.647393000000001
Mollusca,Gastropoda,Systellommatophora,Veronicellidae,Belocaulus,Belocaulus angustipes,United States,Texas,-98.616262000000006,28.930275000000002
Mollusca,Gastropoda,Systellommatophora,Veronicellidae,Belocaulus,Belocaulus angustipes,United States,Texas,-95.264830000000003,29.682708000000002
Mollusca,Gastropoda,Systellommatophora,Veronicellidae,Belocaulus,Belocaulus angustipes,United States,Texas,-97.826020000000000,26.173213000000001
Mollusca,Gastropoda,Systellommatophora,Veronicellidae,Belocaulus,Belocaulus angustipes,United States,Texas,-95.569175000000001,29.537082999999999
Mollusca,Gastropoda,Systellommatophora,Veronicellidae,Belocaulus,Belocaulus angustipes,United States,Texas,-98.380472999999995,26.185656000000002
Mollusca,Gastropoda,Systellommatophora,Veronicellidae,Belocaulus,Belocaulus angustipes,United States,Texas,-97.970894999999999,29.897621000000001
Mollusca,Gastropoda,Systellommatophora,Veronicellidae,Belocaulus,Belocaulus angustipes,United States,Texas,-95.794256000000004,29.770242000000000
Mollusca,Gastropoda,Systellommatophora,Veronicellidae,Belocaulus,Belocaulus angustipes,United States,Texas,-96.341612999999995,30.599262000000000
Mollusca,Gastropoda,Systellommatophora,Veronicellidae,Belocaulus,Belocaulus angustipes,United States,Texas,-97.393553999999995,27.648980000000002
Mollusca,Gastropoda,Systellommatophora,Veronicellidae,Belocaulus,Belocaulus angustipes,United States,Texas,-100.936929000000006,29.363934000000000
Mollusca,Gastropoda,Systellommatophora,Veronicellidae,Belocaulus,Belocaulus angustipes,United States,Texas,-97.620582999999996,30.561000000000000
Mollusca,Gastropoda,Systellommatophora,Veronicellidae,Belocaulus,Belocaulus angustipes,United States,Texas,-100.417851999999996,29.293983000000001
Mollusca,Gastropoda,Systellommatophora,Veronicellidae,Belocaulus,Belocaulus angustipes,United States,Texas,-95.641700999999998,29.960667000000001
Mollusca,Gastropoda,Systellommatophora,Veronicellidae,Belocaulus,Belocaulus angustipes,United States,Texas,-97.879997000000003,30.000000000000000
Mollusca,Gastropoda,Systellommatophora,Veronicellidae,Belocaulus,Belocaulus angustipes,United States,Texas,-97.930167999999995,29.893864000000001
Mollusca,Gastropoda,Systellommatophora,Veronicellidae,Belocaulus,Belocaulus angustipes,United States,Texas,-95.744324000000006,30.026206999999999
Mollusca,Gastropoda,Systellommatophora,Veronicellidae,Belocaulus,Belocaulus angustipes,United States,Texas,-96.549199999999999,29.763013999999998
Mollusca,Gastropoda,Systellommatophora,Veronicellidae,Belocaulus,Belocaulus angustipes,United States,Texas,-95.398269999999997,29.747178000000002
Mollusca,Gastropoda,Systellommatophora,Veronicellidae,Belocaulus,Belocaulus angustipes,United States,Texas,-96.306555000000003,30.434909999999999
Mollusca,Gastropoda,Systellommatophora,Veronicellidae,Belocaulus,Belocaulus angustipes,United States,Texas,-97.589457999999993,30.391152000000002
Mollusca,Gastropoda,Systellommatophora,Veronicellidae,Belocaulus,Belocaulus angustipes,United States,Texas,-95.267083000000000,29.680921999999999
Mollusca,Gastropoda,Systellommatophora,Veronicellidae,Belocaulus,Belocaulus angustipes,United States,Texas,-95.420699999999997,29.740113999999998
Mollusca,Gastropoda,Systellommatophora,Veronicellidae,Belocaulus,Belocaulus angustipes,United States,Texas,-95.811194999999998,29.807230000000001
Mollusca,Gastropoda,Systellommatophora,Veronicellidae,Belocaulus,Belocaulus angustipes,United States,Texas,-95.300928999999996,29.338305999999999
Mollusca,Gastropoda,Systellommatophora,Veronicellidae,Belocaulus,Belocaulus angustipes,United States,Texas,-97.826087999999999,30.102536000000001
Mollusca,Gastropoda,Systellommatophora,Veronicellidae,Belocaulus,Belocaulus angustipes,United States,Texas,-96.785036000000005,32.840156999999998
Mollusca,Gastropoda,Systellommatophora,Veronicellidae,Belocaulus,Belocaulus angustipes,United States,Texas,-96.560773999999995,28.676304999999999
Mollusca,Gastropoda,Systellommatophora,Veronicellidae,Belocaulus,Belocaulus angustipes,United States,Texas,-96.350724999999997,30.609863000000001
Mollusca,Gastropoda,Systellommatophora,Veronicellidae,Belocaulus,Belocaulus angustipes,United States,Texas,-97.610321999999996,30.466747000000002
Mollusca,Gastropoda,Systellommatophora,Veronicellidae,Belocaulus,Belocaulus angustipes,United States,Texas,-95.440586999999994,30.098821000000001
Mollusca,Gastropoda,Systellommatophora,Veronicellidae,Belocaulus,Belocaulus angustipes,United States,Texas,-97.723209999999995,30.574161000000000
Mollusca,Gastropoda,Systellommatophora,Veronicellidae,Belocaulus,Belocaulus angustipes,United States,Texas,-96.534672000000000,29.430156000000000
Mollusca,Gastropoda,Systellommatophora,Veronicellidae,Belocaulus,Belocaulus angustipes,United States,Texas,-95.818342000000001,29.710739000000000
Mollusca,Gastropoda,Systellommatophora,Veronicellidae,Belocaulus,Belocaulus angustipes,United States,Texas,-97.793940000000006,26.152588999999999
Mollusca,Gastropoda,Systellommatophora,Veronicellidae,Belocaulus,Belocaulus angustipes,United States,Texas,-98.136885000000007,26.080133000000000
Mollusca,Gastropoda,Systellommatophora,Veronicellidae,Belocaulus,Belocaulus angustipes,United States,Texas,-98.771811000000000,29.411998000000001
Mollusca,Gastropoda,Systellommatophora,Veronicellidae,Belocaulus,Belocaulus angustipes,United States,Texas,-95.186132999999998,29.881640999999998
Mollusca,Gastropoda,Systellommatophora,Veronicellidae,Belocaulus,Belocaulus angustipes,United States,Texas,-94.778495000000007,29.308740000000000
Mollusca,Gastropoda,Systellommatophora,Veronicellidae,Belocaulus,Belocaulus angustipes,United States,Texas,-95.569547000000000,29.536895000000001
Mollusca,Gastropoda,Systellommatophora,Veronicellidae,Belocaulus,Belocaulus angustipes,United States,Texas,-98.134882000000005,26.083929999999999
Mollusca,Gastropoda,Systellommatophora,Veronicellidae,Belocaulus,Belocaulus angustipes,United States,Texas,-96.295839999999998,30.645640000000000
Mollusca,Gastropoda,Systellommatophora,Veronicellidae,Belocaulus,Belocaulus angustipes,United States,Texas,-98.457947000000004,29.457204999999998
Mollusca,Gastropoda,Systellommatophora,Veronicellidae,Belocaulus,Belocaulus angustipes,United States,Texas,-95.094930000000005,29.507453999999999
Mollusca,Gastropoda,Systellommatophora,Veronicellidae,Belocaulus,Belocaulus angustipes,United States,Texas,-98.550251000000003,29.655242000000001
Mollusca,Gastropoda,Systellommatophora,Veronicellidae,Belocaulus,Belocaulus angustipes,United States,Texas,-97.736655999999996,26.175495000000002
Mollusca,Gastropoda,Systellommatophora,Veronicellidae,Belocaulus,Belocaulus angustipes,United States,Texas,-98.383937000000003,26.180025000000001
Mollusca,Gastropoda,Systellommatophora,Veronicellidae,Belocaulus,Belocaulus angustipes,United States,Texas,-95.419770000000000,29.735375000000001
Mollusca,Gastropoda,Systellommatophora,Veronicellidae,Belocaulus,Belocaulus angustipes,United States,Texas,-95.745849000000007,29.722079000000001
Mollusca,Gastropoda,Systellommatophora,Veronicellidae,Belocaulus,Belocaulus angustipes,United States,Texas,-95.395465000000002,29.763207999999999
Mollusca,Gastropoda,Systellommatophora,Veronicellidae,Belocaulus,Belocaulus angustipes,United States,Texas,-97.396247000000002,27.696141999999998
Mollusca,Gastropoda,Systellommatophora,Veronicellidae,Belocaulus,Belocaulus angustipes,United States,Texas,-97.872624000000002,30.164725000000001
Mollusca,Gastropoda,Systellommatophora,Veronicellidae,Belocaulus,Belocaulus angustipes,United States,Texas,-98.703376000000006,29.495486000000000
Mollusca,Gastropoda,Systellommatophora,Veronicellidae,Belocaulus,Belocaulus angustipes,United States,Texas,-94.819985000000003,29.287890999999998
Mollusca,Gastropoda,Systellommatophora,Veronicellidae,Belocaulus,Belocaulus angustipes,United States,Texas,-98.704149000000001,29.495808000000000
Mollusca,Gastropoda,Systellommatophora,Veronicellidae,Belocaulus,Belocaulus angustipes,United States,Texas,-98.468249999999998,29.356929999999998
Mollusca,Gastropoda,Systellommatophora,Veronicellidae,Belocaulus,Belocaulus angustipes,United States,Texas,-98.138210000000001,26.078579999999999
Mollusca,Gastropoda,Systellommatophora,Veronicellidae,Belocaulus,Belocaulus angustipes,United States,Texas,-97.340912000000003,30.120000000000001
Mollusca,Gastropoda,Systellommatophora,Veronicellidae,Belocaulus,Belocaulus angustipes,United States,Texas,-97.709784999999997,30.278900000000000
Mollusca,Gastropoda,Systellommatophora,Veronicellidae,Belocaulus,Belocaulus angustipes,United States,Texas,-98.578894000000005,29.475631000000000
Mollusca,Gastropoda,Systellommatophora,Veronicellidae,Belocaulus,Belocaulus angustipes,United States,Texas,-98.386864000000003,26.178792999999999
Mollusca,Gastropoda,Systellommatophora,Veronicellidae,Belocaulus,Belocaulus angustipes,United States,Texas,-99.451812000000004,27.571514000000001
Mollusca,Gastropoda,Systellommatophora,Veronicellidae,Belocaulus,Belocaulus angustipes,United States,Texas,-97.958647999999997,26.124886000000000
Mollusca,Gastropoda,Systellommatophora,Veronicellidae,Belocaulus,Belocaulus angustipes,United States,Texas,-98.136161000000001,26.081347000000001
Mollusca,Gastropoda,Systellommatophora,Veronicellidae,Belocaulus,Belocaulus angustipes,United States,Texas,-97.623609999999999,26.174052000000000
Mollusca,Gastropoda,Systellommatophora,Veronicellidae,Belocaulus,Belocaulus angustipes,United States,Texas,-97.629311999999999,26.177745000000002
Mollusca,Gastropoda,Systellommatophora,Veronicellidae,Belocaulus,Belocaulus angustipes,United States,Texas,-97.921197000000006,29.939579999999999
Mollusca,Gastropoda,Systellommatophora,Veronicellidae,Belocaulus,Belocaulus angustipes,United States,Texas,-98.249099999999999,29.558492000000001
Mollusca,Gastropoda,Systellommatophora,Veronicellidae,Belocaulus,Belocaulus angustipes,United States,Texas,-98.382373000000001,26.180544999999999
Mollusca,Gastropoda,Systellommatophora,Veronicellidae,Belocaulus,Belocaulus angustipes,United States,Texas,-98.073752999999996,29.802700000000002
Mollusca,Gastropoda,Systellommatophora,Veronicellidae,Belocaulus,Belocaulus angustipes,United States,Texas,-97.736840999999998,30.457792000000001
Mollusca,Gastropoda,Systellommatophora,Veronicellidae,Belocaulus,Belocaulus angustipes,United States,Texas,-95.840338000000003,29.739380000000001
Mollusca,Gastropoda,Systellommatophora,Veronicellidae,Belocaulus,Belocaulus angustipes,United States,Texas,-95.828522000000007,29.807024999999999
Mollusca,Gastropoda,Systellommatophora,Veronicellidae,Belocaulus,Belocaulus angustipes,United States,Texas,-98.443466000000001,29.354610999999998
Mollusca,Gastropoda,Systellommatophora,Veronicellidae,Belocaulus,Belocaulus angustipes,United States,Texas,-97.398138000000003,27.651730000000001
Mollusca,Gastropoda,Systellommatophora,Veronicellidae,Belocaulus,Belocaulus angustipes,United States,Texas,-94.185298000000003,30.113969000000001
Mollusca,Gastropoda,Systellommatophora,Veronicellidae,Belocaulus,Belocaulus angustipes,United States,Texas,-95.666375000000002,29.642354000000001
Mollusca,Gastropoda,Systellommatophora,Veronicellidae,Belocaulus,Belocaulus angustipes,United States,Texas,-95.143680000000003,29.481524000000000
Mollusca,Gastropoda,Systellommatophora,Veronicellidae,Belocaulus,Belocaulus angustipes,United States,Texas,-97.728722000000005,30.711963000000001
Mollusca,Gastropoda,Systellommatophora,Veronicellidae,Belocaulus,Belocaulus angustipes,United States,Texas,-98.248846999999998,29.556550000000001
Mollusca,Gastropoda,Systellommatophora,Veronicellidae,Belocaulus,Belocaulus angustipes,United States,Texas,-98.424274999999994,29.394559000000001
Mollusca,Gastropoda,Systellommatophora,Veronicellidae,Belocaulus,Belocaulus angustipes,United States,Texas,-97.467102999999994,31.198191999999999
Mollusca,Gastropoda,Systellommatophora,Veronicellidae,Belocaulus,Belocaulus angustipes,United States,Texas,-95.557109999999994,30.015167000000002
Mollusca,Gastropoda,Systellommatophora,Veronicellidae,Belocaulus,Belocaulus angustipes,United States,Texas,-95.522989999999993,30.136044999999999
Mollusca,Gastropoda,Systellommatophora,Veronicellidae,Belocaulus,Belocaulus angustipes,United States,Texas,-97.944654999999997,29.899988000000000
Mollusca,Gastropoda,Systellommatophora,Veronicellidae,Belocaulus,Belocaulus angustipes,United States,Texas,-95.556726999999995,30.013732000000001
Mollusca,Gastropoda,Systellommatophora,Veronicellidae,Belocaulus,Belocaulus angustipes,United States,Texas,-98.385531999999998,29.374355000000001
Mollusca,Gastropoda,Systellommatophora,Veronicellidae,Belocaulus,Belocaulus angustipes,United States,Texas,-95.639795000000007,29.980412000000001
Mollusca,Gastropoda,Systellommatophora,Veronicellidae,Belocaulus,Belocaulus angustipes,United States,Texas,-98.745698000000004,29.429800000000000
Mollusca,Gastropoda,Systellommatophora,Veronicellidae,Belocaulus,Belocaulus angustipes,United States,Texas,-95.742171999999997,29.954533000000001
Mollusca,Gastropoda,Systellommatophora,Veronicellidae,Belocaulus,Belocaulus angustipes,United States,Texas,-95.385369999999995,29.795342000000002
Mollusca,Gastropoda,Systellommatophora,Veronicellidae,Belocaulus,Belocaulus angustipes,United States,Texas,-96.988791000000006,28.844311000000001
Mollusca,Gastropoda,Systellommatophora,Veronicellidae,Belocaulus,Belocaulus angustipes,United States,Texas,-97.695751000000001,30.527747999999999
Mollusca,Gastropoda,Systellommatophora,Veronicellidae,Belocaulus,Belocaulus angustipes,United States,Texas,-98.434031000000004,29.657088999999999
Mollusca,Gastropoda,Systellommatophora,Veronicellidae,Belocaulus,Belocaulus angustipes,United States,Texas,-98.445560999999998,29.689328000000000
Mollusca,Gastropoda,Systellommatophora,Veronicellidae,Belocaulus,Belocaulus angustipes,United States,Texas,-97.529940999999994,30.062884000000000
Mollusca,Gastropoda,Systellommatophora,Veronicellidae,Belocaulus,Belocaulus angustipes,United States,Texas,-97.867067000000006,30.092108000000000
Mollusca,Gastropoda,Systellommatophora,Veronicellidae,Belocaulus,Belocaulus angustipes,United States,Texas,-98.697963000000001,29.568511000000001
Mollusca,Gastropoda,Systellommatophora,Veronicellidae,Belocaulus,Belocaulus angustipes,United States,Texas,-99.698110000000000,29.518671999999999
Mollusca,Gastropoda,Systellommatophora,Veronicellidae,Belocaulus,Belocaulus angustipes,United States,Texas,-95.986250999999996,29.692291999999998
Mollusca,Gastropoda,Systellommatophora,Veronicellidae,Belocaulus,Belocaulus angustipes,United States,Texas,-97.313720000000004,30.077324999999998
Mollusca,Gastropoda,Systellommatophora,Veronicellidae,Belocaulus,Belocaulus angustipes,United States,Texas,-95.916604000000007,29.681873000000000
Mollusca,Gastropoda,Systellommatophora,Veronicellidae,Belocaulus,Belocaulus angustipes,United States,Texas,-97.643719000000004,30.236046000000002
Mollusca,Gastropoda,Systellommatophora,Veronicellidae,Belocaulus,Belocaulus angustipes,United States,Texas,-95.263249000000002,29.562439000000001
Mollusca,Gastropoda,Systellommatophora,Veronicellidae,Belocaulus,Belocaulus angustipes,United States,Texas,-97.201739000000003,30.055616000000001
Mollusca,Gastropoda,Systellommatophora,Veronicellidae,Belocaulus,Belocaulus angustipes,United States,Texas,-95.497816999999998,30.196193999999998
Mollusca,Gastropoda,Systellommatophora,Veronicellidae,Belocaulus,Belocaulus angustipes,United States,Texas,-97.749306000000004,30.158795000000001
Mollusca,Gastropoda,Systellommatophora,Veronicellidae,Belocaulus,Belocaulus angustipes,United States,Texas,-98.629261999999997,29.526554000000001
Mollusca,Gastropoda,Systellommatophora,Veronicellidae,Belocaulus,Belocaulus angustipes,United States,Texas,-97.969042999999999,29.612421999999999
Mollusca,Gastropoda,Systellommatophora,Veronicellidae,Belocaulus,Belocaulus angustipes,United States,Texas,-97.671171000000001,30.169885000000001
Mollusca,Gastropoda,Systellommatophora,Veronicellidae,Belocaulus,Belocaulus angustipes,United States,Texas,-97.873182000000000,30.167802999999999
Mollusca,Gastropoda,Systellommatophora,Veronicellidae,Belocaulus,Belocaulus angustipes,United States,Texas,-97.735140999999999,30.218411000000000
Mollusca,Gastropoda,Systellommatophora,Veronicellidae,Belocaulus,Belocaulus angustipes,United States,Texas,-95.608947000000001,30.025210999999999
Mollusca,Gastropoda,Systellommatophora,Veronicellidae,Belocaulus,Belocaulus angustipes,United States,Texas,-95.855946000000003,29.706351000000002
Mollusca,Gastropoda,Systellommatophora,Veronicellidae,Belocaulus,Belocaulus angustipes,United States,Texas,-98.771827000000002,29.513048999999999
Mollusca,Gastropoda,Systellommatophora,Veronicellidae,Belocaulus,Belocaulus angustipes,United States,Texas,-97.569023000000001,25.996624000000001
Mollusca,Gastropoda,Systellommatophora,Veronicellidae,Belocaulus,Belocaulus angustipes,United States,Texas,-97.698687000000007,29.851638999999999
Mollusca,Gastropoda,Systellommatophora,Veronicellidae,Belocaulus,Belocaulus angustipes,United States,Texas,-97.575500000000005,30.211500000000001
Mollusca,Gastropoda,Systellommatophora,Veronicellidae,Belocaulus,Belocaulus angustipes,United States,Texas,-95.661389000000000,29.911943999999998
Mollusca,Gastropoda,Systellommatophora,Veronicellidae,Belocaulus,Belocaulus angustipes,United States,Texas,-95.572923000000003,29.444572999999998
Mollusca,Gastropoda,Systellommatophora,Veronicellidae,Belocaulus,Belocaulus angustipes,United States,Texas,-97.340316999999999,30.116116999999999
Mollusca,Gastropoda,Systellommatophora,Veronicellidae,Belocaulus,Belocaulus angustipes,United States,Texas,-95.641824000000000,29.961127000000001
Mollusca,Gastropoda,Systellommatophora,Veronicellidae,Belocaulus,Belocaulus angustipes,United States,Texas,-96.778430999999998,32.839331999999999
Mollusca,Gastropoda,Systellommatophora,Veronicellidae,Belocaulus,Belocaulus angustipes,United States,Texas,-95.402303000000003,29.753882000000001
Mollusca,Gastropoda,Systellommatophora,Veronicellidae,Belocaulus,Belocaulus angustipes,United States,Texas,-96.990145999999996,28.844262000000001
Mollusca,Gastropoda,Systellommatophora,Veronicellidae,Belocaulus,Belocaulus angustipes,United States,Texas,-95.751047000000000,29.826471000000002
Mollusca,Gastropoda,Systellommatophora,Veronicellidae,Belocaulus,Belocaulus angustipes,United States,Texas,-97.723405000000000,30.550167999999999
Mollusca,Gastropoda,Systellommatophora,Veronicellidae,Belocaulus,Belocaulus angustipes,United States,Texas,-95.255066999999997,29.592732000000002
Mollusca,Gastropoda,Systellommatophora,Veronicellidae,Belocaulus,Belocaulus angustipes,United States,Texas,-95.648093000000003,29.960642000000000
Mollusca,Gastropoda,Systellommatophora,Veronicellidae,Belocaulus,Belocaulus angustipes,United States,Texas,-95.267984999999996,29.681591999999998
Mollusca,Gastropoda,Systellommatophora,Veronicellidae,Belocaulus,Belocaulus angustipes,United States,Texas,-95.798196000000004,29.702681999999999
Mollusca,Gastropoda,Systellommatophora,Veronicellidae,Belocaulus,Belocaulus angustipes,United States,Texas,-98.702338999999995,29.800383000000000
Mollusca,Gastropoda,Systellommatophora,Veronicellidae,Belocaulus,Belocaulus angustipes,United States,Texas,-98.079207999999994,29.651008000000001
Mollusca,Gastropoda,Systellommatophora,Veronicellidae,Belocaulus,Belocaulus angustipes,United States,Texas,-97.988237999999996,26.147189999999998
Mollusca,Gastropoda,Systellommatophora,Veronicellidae,Belocaulus,Belocaulus angustipes,United States,Texas,-97.617372000000003,30.168465000000001
Mollusca,Gastropoda,Systellommatophora,Veronicellidae,Belocaulus,Belocaulus angustipes,United States,Texas,-98.079268999999996,29.651046999999998
Mollusca,Gastropoda,Systellommatophora,Veronicellidae,Belocaulus,Belocaulus angustipes,United States,Texas,-98.135076999999995,26.083089999999999
Mollusca,Gastropoda,Systellommatophora,Veronicellidae,Belocaulus,Belocaulus angustipes,United States,Texas,-95.773577000000003,29.991823000000000
Mollusca,Gastropoda,Systellommatophora,Veronicellidae,Belocaulus,Belocaulus angustipes,United States,Texas,-97.747314000000003,30.232894000000002
Mollusca,Gastropoda,Systellommatophora,Veronicellidae,Belocaulus,Belocaulus angustipes,United States,Texas,-95.480034000000003,30.158984000000000
Mollusca,Gastropoda,Systellommatophora,Veronicellidae,Belocaulus,Belocaulus angustipes,United States,Texas,-95.766254000000004,29.655550999999999
Mollusca,Gastropoda,Systellommatophora,Veronicellidae,Belocaulus,Belocaulus angustipes,United States,Texas,-97.944777999999999,29.887388000000001
Mollusca,Gastropoda,Systellommatophora,Veronicellidae,Belocaulus,Belocaulus angustipes,United States,Texas,-98.626594999999995,29.645199999999999
Mollusca,Gastropoda,Systellommatophora,Veronicellidae,Belocaulus,Belocaulus angustipes,United States,Texas,-96.616449000000003,30.318149999999999
Mollusca,Gastropoda,Systellommatophora,Veronicellidae,Belocaulus,Belocaulus angustipes,United States,Texas,-95.558729999999997,30.156806000000000
Mollusca,Gastropoda,Systellommatophora,Veronicellidae,Belocaulus,Belocaulus angustipes,United States,Texas,-97.619500000000002,30.168721999999999
Mollusca,Gastropoda,Systellommatophora,Veronicellidae,Belocaulus,Belocaulus angustipes,United States,Texas,-97.676096000000001,30.256727000000001
Mollusca,Gastropoda,Systellommatophora,Veronicellidae,Belocaulus,Belocaulus angustipes,United States,Texas,-95.262372999999997,29.564191999999998
Mollusca,Gastropoda,Systellommatophora,Veronicellidae,Belocaulus,Belocaulus angustipes,United States,Texas,-95.401169999999993,29.712897000000002
Mollusca,Gastropoda,Systellommatophora,Veronicellidae,Belocaulus,Belocaulus angustipes,United States,Texas,-95.765534000000002,29.806640999999999
Mollusca,Gastropoda,Systellommatophora,Veronicellidae,Belocaulus,Belocaulus angustipes,United States,Texas,-95.569541999999998,29.536957999999998
Mollusca,Gastropoda,Systellommatophora,Veronicellidae,Belocaulus,Belocaulus angustipes,United States,Texas,-95.164705999999995,29.961703000000000
Mollusca,Gastropoda,Systellommatophora,Veronicellidae,Belocaulus,Belocaulus angustipes,United States,Texas,-98.737853000000001,29.474983000000002
Mollusca,Gastropoda,Systellommatophora,Veronicellidae,Belocaulus,Belocaulus angustipes,United States,Texas,-95.547349999999994,30.264218000000000
Mollusca,Gastropoda,Systellommatophora,Veronicellidae,Belocaulus,Belocaulus angustipes,United States,Texas,-98.227279999999993,29.577397999999999
Mollusca,Gastropoda,Systellommatophora,Veronicellidae,Belocaulus,Belocaulus angustipes,United States,Texas,-98.477840999999998,29.464383000000002
Mollusca,Gastropoda,Systellommatophora,Veronicellidae,Belocaulus,Belocaulus angustipes,United States,Texas,-98.490309999999994,29.399215999999999
Mollusca,Gastropoda,Systellommatophora,Veronicellidae,Belocaulus,Belocaulus angustipes,United States,Texas,-97.889064000000005,30.024108999999999
Mollusca,Gastropoda,Systellommatophora,Veronicellidae,Belocaulus,Belocaulus angustipes,United States,Texas,-97.824618999999998,30.269795999999999
Mollusca,Gastropoda,Systellommatophora,Veronicellidae,Belocaulus,Belocaulus angustipes,United States,Texas,-97.650300000000001,30.366312000000001
Mollusca,Gastropoda,Systellommatophora,Veronicellidae,Belocaulus,Belocaulus angustipes,United States,Texas,-97.625928000000002,30.391135999999999
Mollusca,Gastropoda,Systellommatophora,Veronicellidae,Belocaulus,Belocaulus angustipes,United States,Texas,-95.450833000000003,29.940000000000001
Mollusca,Gastropoda,Systellommatophora,Veronicellidae,Belocaulus,Belocaulus angustipes,United States,Texas,-98.541533000000001,29.529361000000002
Mollusca,Gastropoda,Systellommatophora,Veronicellidae,Belocaulus,Belocaulus angustipes,United States,Texas,-98.503063999999995,29.556035999999999
Mollusca,Gastropoda,Systellommatophora,Veronicellidae,Belocaulus,Belocaulus angustipes,United States,Texas,-94.690629000000001,32.506981000000003
Mollusca,Gastropoda,Systellommatophora,Veronicellidae,Belocaulus,Belocaulus angustipes,United States,Texas,-95.665771000000007,29.631986999999999
Mollusca,Gastropoda,Systellommatophora,Veronicellidae,Belocaulus,Belocaulus angustipes,United States,Texas,-95.668982999999997,29.958096999999999
Mollusca,Gastropoda,Systellommatophora,Veronicellidae,Belocaulus,Belocaulus angustipes,United States,Texas,-97.674209000000005,30.285301000000000
Mollusca,Gastropoda,Systellommatophora,Veronicellidae,Belocaulus,Belocaulus angustipes,United States,Texas,-97.713302999999996,30.158956000000000
Mollusca,Gastropoda,Systellommatophora,Veronicellidae,Belocaulus,Belocaulus angustipes,United States,Texas,-95.470742999999999,30.393353999999999
Mollusca,Gastropoda,Systellommatophora,Veronicellidae,Belocaulus,Belocaulus angustipes,United States,Texas,-97.004357999999996,30.418029000000001
Mollusca,Gastropoda,Systellommatophora,Veronicellidae,Belocaulus,Belocaulus angustipes,United States,Texas,-95.400957000000005,29.563330000000001
Mollusca,Gastropoda,Systellommatophora,Veronicellidae,Belocaulus,Belocaulus angustipes,United States,Alabama,-85.480783000000002,32.609803999999997
Mollusca,Gastropoda,Systellommatophora,Veronicellidae,Belocaulus,Belocaulus angustipes,United States,Alabama,-87.686295000000001,30.270788000000000
Mollusca,Gastropoda,Systellommatophora,Veronicellidae,Belocaulus,Belocaulus angustipes,United States,Alabama,-88.077056999999996,30.247858000000001
Mollusca,Gastropoda,Systellommatophora,Veronicellidae,Belocaulus,Belocaulus angustipes,United States,Alabama,-87.659317000000001,30.592336000000000
Mollusca,Gastropoda,Systellommatophora,Veronicellidae,Belocaulus,Belocaulus angustipes,United States,Alabama,-87.687845999999993,30.375917999999999
Mollusca,Gastropoda,Systellommatophora,Veronicellidae,Belocaulus,Belocaulus angustipes,United States,Georgia,-81.495954999999995,31.209188000000001
Mollusca,Gastropoda,Systellommatophora,Veronicellidae,Belocaulus,Belocaulus angustipes,United States,Georgia,-81.637266999999994,31.829374999999999
Mollusca,Gastropoda,Systellommatophora,Veronicellidae,Belocaulus,Belocaulus angustipes,United States,Georgia,-81.756908999999993,32.527856999999997
Mollusca,Gastropoda,Systellommatophora,Veronicellidae,Belocaulus,Belocaulus angustipes,United States,Georgia,-83.745247000000006,32.098483000000002
Mollusca,Gastropoda,Systellommatophora,Veronicellidae,Belocaulus,Belocaulus angustipes,United States,South Carolina,-79.052955999999995,33.651363000000003
Mollusca,Gastropoda,Systellommatophora,Veronicellidae,Belocaulus,Belocaulus angustipes,United States,South Carolina,-80.010931999999997,32.890965999999999
Mollusca,Gastropoda,Systellommatophora,Veronicellidae,Belocaulus,Belocaulus angustipes,United States,South Carolina,-80.070869000000002,32.793948999999998
Mollusca,Gastropoda,Systellommatophora,Veronicellidae,Belocaulus,Belocaulus angustipes,United States,South Carolina,-80.068650000000005,32.793591999999997
Mollusca,Gastropoda,Systellommatophora,Veronicellidae,Belocaulus,Belocaulus angustipes,United States,South Carolina,-80.347882999999996,32.622394000000000
Mollusca,Gastropoda,Systellommatophora,Veronicellidae,Belocaulus,Belocaulus angustipes,United States,Hawaii,-154.931151999999997,19.399857999999998
